objectId,image,is_rrl,class,coord_ra,coord_dec,p_est,period_ref,n_epochs
737721793422308001,obj737721793422308001.png,False,non-variable,280.74091465442984,-49.08995579158363,0.459535358692882,,72
738172043433898052,obj738172043433898052.png,True,RRAB,61.60798946538163,-46.748736693597515,0.6963249516441039,0.6965000870620648,131
742310330322933584,obj742310330322933584.png,False,poor-fit,224.17225431947332,-41.9372053888188,0.5344418052256579,,87
743577998510281648,obj743577998510281648.png,False,non-variable,227.71765212141355,-41.25913473569559,0.5552128315854457,,108
744855699741227822,obj744855699741227822.png,True,RRAB,224.30924850499,-39.94379037836134,0.5034965034965082,0.50329,1246
746165149370433486,obj746165149370433486.png,False,non-variable,222.45400287004261,-37.55825535651028,0.4984768762115805,,202
746177587595718242,obj746177587595718242.png,False,non-variable,226.03366108529326,-37.88602127583297,0.47936085219707536,,316
746182123081188214,obj746182123081188214.png,False,non-variable,226.66035452693498,-38.43653839372545,0.653120464441223,,846
747509852091206691,obj747509852091206691.png,False,non-variable,223.81274514683642,-36.48342165482994,0.6574141709276882,,57
753408594535268240,obj753408594535268240.png,True,RRAB,291.1253715763081,-30.111843973238976,0.6226219301279875,0.6230228788,40
753908185131153123,obj753908185131153123.png,False,non-variable,54.85762400734142,-29.02060159765625,0.5047672462142504,,67
754860911956606818,obj754860911956606818.png,True,RRAB,289.7777210722322,-29.624293667876902,0.5662157911292904,0.5660554628,43
754862561224044455,obj754862561224044455.png,True,RRAB,289.02386753782264,-29.31325893753747,0.559875583203737,0.5599961697,41
754864897686261593,obj754864897686261593.png,True,RRAB,290.1515372393819,-28.544514014564445,0.5047672462142504,0.5040048192,46
754882489872305036,obj754882489872305036.png,True,RRAB,294.1862016478313,-29.415537259732304,0.6284916201117359,0.6283340057,42
754882627311259346,obj754882627311259346.png,False,non-variable,293.76805827639595,-29.404699877874837,0.4156084045255185,,41
755362495417320758,obj755362495417320758.png,False,non-variable,52.05685991143972,-28.019615574291624,0.5402160864345784,,181
756349719420095466,obj756349719420095466.png,False,poor-fit,288.18659512641756,-27.09251570394293,0.6426276329882223,,40
756352399479681885,obj756352399479681885.png,True,RRAB,290.1088847910838,-28.184998945833197,0.5022321428571476,0.5030468043,54
756380368306717999,obj756380368306717999.png,False,non-variable,297.3006545100525,-28.01642120498292,0.5191808479953898,,30
757830211826887370,obj757830211826887370.png,True,RRAB,285.1136326318887,-26.50431432937719,0.5810200129115602,0.5800679215,41
757892952709155268,obj757892952709155268.png,True,RRC,299.21941375385643,-26.33274003338137,0.4226344212256446,0.4225261545,45
759366023412466988,obj759366023412466988.png,False,non-variable,287.7902144359242,-24.156024506153305,0.5099150141643106,,40
759406018147927454,obj759406018147927454.png,True,RRC,297.2647724504909,-24.49855220279609,0.41647385469690434,0.416297,43
759421067713333158,obj759421067713333158.png,True,RRAB,300.61716800774684,-24.146044281088567,0.5316007088009497,0.5311687567,45
759475218661003815,obj759475218661003815.png,False,poor-fit,312.1762336757738,-24.528661856022076,0.7569386038687999,,35
760882730983496225,obj760882730983496225.png,False,poor-fit,283.54532743860005,-23.096236833858853,0.7036747458952339,,45
760897917987866764,obj760897917987866764.png,True,RRC,286.4847189684882,-22.747433240703305,0.419972001866547,0.420884,48
760904858655010795,obj760904858655010795.png,True,RRAB,288.00338226612945,-22.864934548041024,0.456389452332662,0.456691297,66
760978319775650698,obj760978319775650698.png,True,RRAB,305.8953444504963,-23.276230438779187,0.5073280721533305,0.5071159794,65
761013985184079157,obj761013985184079157.png,True,RRC,314.0490787022512,-22.93725443692363,0.4147465437788066,0.414775,43
762441357435351440,obj762441357435351440.png,True,RRC,284.24486476214696,-21.90541152248282,0.40714770413933976,0.4073787784,46
762449260175170942,obj762449260175170942.png,True,RRAB,284.9300035360779,-21.87407799145655,0.46814044213264455,0.469097,45
762455513647557036,obj762455513647557036.png,True,RRAB,286.35176803826226,-22.030981875246006,0.7188498402555941,0.7184702561,43
762471112968777883,obj762471112968777883.png,False,poor-fit,290.0970270271961,-21.513902009050376,0.4253308128544471,,198
762524714160638444,obj762524714160638444.png,True,RRAB,302.88833839228965,-21.82373465841303,0.5878510777269802,0.5874354436,71
764015720647370291,obj764015720647370291.png,False,non-variable,285.07088758806134,-20.270520398065926,0.4984768762115805,,58
764034687222959177,obj764034687222959177.png,True,RRC,288.6810649164353,-20.775143519831413,0.4088121735180606,0.4087040648,250
764035030820341027,obj764035030820341027.png,False,non-variable,289.5771461261846,-20.583359327433005,0.8999999999999999,,356
764037436002030326,obj764037436002030326.png,False,non-variable,288.6381366146387,-20.206240580168192,0.7086614173228378,,301
764043483315973121,obj764043483315973121.png,False,non-variable,290.60309716646765,-20.383371235400297,0.8763388510223957,,281
764070696228767955,obj764070696228767955.png,False,poor-fit,297.6131396687925,-20.36677516648859,0.40142729705620456,,45
764087326342137314,obj764087326342137314.png,True,RRAB,300.4248552501966,-19.679443066034437,0.49355634768303186,0.4936811308,51
764113852060162046,obj764113852060162046.png,True,RRC,307.29598853172394,-19.795647158719554,0.41388825017245817,0.413966,41
764116394680796343,obj764116394680796343.png,False,non-variable,306.05376276827207,-19.402586017430366,0.5984042553191532,,33
764135361256381686,obj764135361256381686.png,True,RRAB,311.58965001718127,-19.593080026923637,0.5844155844155887,0.5845053918,53
765607538606481841,obj765607538606481841.png,True,RRC,284.9830178442405,-17.86460831699485,0.4637979902087139,0.463324,49
765635919750386927,obj765635919750386927.png,True,RRAB,292.25145851132055,-19.2926958446426,0.49113233287858593,0.4910786464,67
765661071078868445,obj765661071078868445.png,True,RRAB,297.59727639251827,-18.253315902857537,0.6056527590847955,0.6060389069,52
765700997094856825,obj765700997094856825.png,False,poor-fit,306.69703280645956,-18.47501028527779,0.6844106463878362,,51
765712060930608035,obj765712060930608035.png,True,RRAB,309.74754065038053,-19.24404053931208,0.5895840157222447,0.5895512886,49
765726698179153322,obj765726698179153322.png,True,RRC,313.98162412564363,-18.779040795643844,0.43646944713870506,0.436345,46
765752261824501195,obj765752261824501195.png,True,RRAB,319.92080137643546,-19.26957428032546,0.5099150141643106,0.5096100954,61
767128644224025252,obj767128644224025252.png,False,poor-fit,269.49349361258015,-17.391230126784276,0.6683995544003007,,34
767243474469674403,obj767243474469674403.png,False,non-variable,295.5058613697924,-17.775412867374005,0.456389452332662,,40
767269312992926122,obj767269312992926122.png,True,RRAB,299.08144058820807,-16.63229567982851,0.6915097963887855,0.6908973577,43
767304222487106691,obj767304222487106691.png,True,RRAB,307.2880404036049,-16.536951341360627,0.5878510777269802,0.587765712,59
767373697878084206,obj767373697878084206.png,True,RRC,322.44671770187534,-16.408587592252374,0.4355189934672199,0.43575093,97
768630783266017202,obj768630783266017202.png,True,RRAB,245.37412876277332,-14.951048267156198,0.5827128520556858,0.5822133907,55
768635387470959422,obj768635387470959422.png,False,non-variable,245.7729018417458,-15.58928347688705,0.4972375690607782,,44
768664043492760569,obj768664043492760569.png,True,RRAB,252.40652770211457,-15.221081471453784,0.6112054329371859,0.611005,46
768675657084326594,obj768675657084326594.png,False,non-variable,255.60107499393126,-15.697137493079463,0.5966191581040812,,40
768684659335782281,obj768684659335782281.png,True,RRAB,257.0754455734926,-15.180128392555735,0.45328632586250794,0.4534430109,42
768820036704946198,obj768820036704946198.png,False,poor-fit,287.7084642493918,-15.6207280338905,0.5138452754781663,,36
768844981875008558,obj768844981875008558.png,True,RRAB,293.39541267932964,-16.30215831658841,0.6446991404011501,0.6452341465,52
768895078373541880,obj768895078373541880.png,False,poor-fit,304.4048222272167,-15.940710002937205,0.6915097963887855,,69
768902293918602633,obj768902293918602633.png,False,poor-fit,306.69955766659234,-15.651396169568983,0.5099150141643106,,53
770258816389373523,obj770258816389373523.png,True,RRC,247.7008125414276,-13.531350431317916,0.40714770413933976,0.408349,41
770313242214946578,obj770313242214946578.png,False,non-variable,259.6217401058704,-13.662954967619056,0.4584819154355626,,42
770318945931509621,obj770318945931509621.png,True,RRAB,260.59397798652424,-14.037639874029654,0.42897998093422784,0.428943,42
770468616951839161,obj770468616951839161.png,False,non-variable,294.47243992954714,-14.463701940681048,0.44921387571749916,,40
770478856153878215,obj770478856153878215.png,True,RRAB,296.1512536407882,-13.50699477396476,0.5112184038625437,0.5115914886,44
770508680406780899,obj770508680406780899.png,True,RRC,303.133772560929,-14.721842188037796,0.4997223764575283,0.499845,46
770554241419859053,obj770554241419859053.png,False,poor-fit,313.4168248582872,-13.546831559258582,0.5506271030896344,,49
770568122754160573,obj770568122754160573.png,False,non-variable,316.21711933990036,-13.485873102884542,0.5948446794448159,,86
770724115966350235,obj770724115966350235.png,False,poor-fit,351.3609676667412,-14.027537085357393,0.5743458838545035,,32
771871799947322849,obj771871799947322849.png,True,RRAB,244.76782243908826,-12.498068639278454,0.4972375690607782,0.4976482806,60
771878122139176792,obj771878122139176792.png,True,RRAB,245.90812111133894,-12.802105569033094,0.618769336541771,0.6195752226,60
771892759387720395,obj771892759387720395.png,True,RRC,248.543096654665,-12.639154968447762,0.43934586282646315,0.439419,59
771893377863015962,obj771893377863015962.png,True,RRAB,248.62951060763052,-12.313249424842187,0.5630278385986908,0.5634935958,49
772145440903684922,obj772145440903684922.png,True,RRC,305.27816329979976,-12.873521435401516,0.40632054176072707,0.4060358,50
772150113828079733,obj772150113828079733.png,False,non-variable,307.01394239294865,-13.379533116225998,0.5521472392638083,,58
772161315102809086,obj772161315102809086.png,True,RRC,308.09527465065105,-12.360944578786642,0.4725649776844364,0.4740870242,46
772200622643500013,obj772200622643500013.png,False,poor-fit,316.803701808312,-12.949694348494232,0.464876033057856,,76
772205845323735797,obj772205845323735797.png,False,poor-fit,319.1505301404024,-13.182400706758365,0.4782146652497391,,40
773775260733425755,obj773775260733425755.png,True,RRAB,303.2205247394603,-11.141241553597574,0.6284916201117359,0.6274933438,49
773852157827897438,obj773852157827897438.png,False,poor-fit,319.94495211802524,-10.7267697236377,0.5743458838545035,,39
773895038781378108,obj773895038781378108.png,False,non-variable,328.26675398557074,-10.47403265806518,0.5521472392638083,,56
773900467620023688,obj773900467620023688.png,True,RRAB,329.96726129762214,-10.658337483195902,0.6446991404011501,0.6452667494,46
773905965178161589,obj773905965178161589.png,False,non-variable,331.41844078682766,-11.047090234845053,0.4182156133829044,,38
777136673937972548,obj777136673937972548.png,False,poor-fit,316.01913944847325,-7.922977225635586,0.4022346368715131,,30
777280984839111218,obj777280984839111218.png,False,non-variable,347.5480633849881,-8.011722028366657,0.4079782411604762,,60
778313701135504621,obj778313701135504621.png,False,non-variable,212.0044616188422,-6.01792285572569,0.5205320994794725,,380
778948462942093902,obj778948462942093902.png,True,RRAB,351.4763552221636,-6.992903853108227,0.6820765441455131,0.6822903336,47
780537257244250403,obj780537257244250403.png,False,poor-fit,335.06815706971736,-5.102005168815591,0.5373134328358254,,43
782245417277480310,obj782245417277480310.png,False,poor-fit,344.4313677967271,-4.389078418658734,0.5246283882250119,,40
782266170559451990,obj782266170559451990.png,False,non-variable,350.1868736369941,-4.255260482008467,0.6206896551724179,,43
787284960103909424,obj787284960103909424.png,False,non-variable,352.67040496448743,0.6308579912960524,0.7428807263722685,,53
788006583329128023,obj788006583329128023.png,False,non-variable,148.70882732400986,2.1982117187213994,0.44720496894410416,,264
794822868226562658,obj794822868226562658.png,False,poor-fit,187.42336582540776,7.998365531240283,0.40142729705620456,,545
